id;first_name;last_name;email;phone
1;Aletha;Ortiz;"`u$d:,@l0hw15.0/!sE";717-973-4928 x5399
2;Veda;Feil;"yQb#@b/7A95.:Om";794-263-0178 x1184
3;Kali;Watsica;"Q,@\c-mJ.dkI";326.575.2843
4;Darlene;Wiegand;"E5yaF@EMMuL.L";1-551-378-6245
5;Vivian;Yost;"y)@0i,.D|/|oA";268-988-2381 x5045
6;Delta;Trantow;"E1$c!@t<|1.O_m'k";316-242-7391
7;Marcella;Kovacek;"cuV@G.\&V";1-495-428-7771
8;Janiya;Thiel;"DN-v<@ID;Q+-.z-";813-677-7738 x162
9;Grady;Quigley;"aF5Df@.6I<ba.ue2`g";1-367-975-2353 x99504
10;Orion;Doyle;"|rFq@<KM8U3.Idm0";930-292-6441 x96416
